total_points,hp,attack,defense,sp_attack,sp_defense,speed
424.1041666666667,64.76041666666667,77.30208333333333,71.00520833333333,69.92708333333333,68.59895833333333,72.51041666666667
419.14018691588785,71.4766355140187,71.86915887850468,73.82242990654206,66.1214953271028,74.33644859813084,61.51401869158879
436.0060606060606,66.80606060606061,81.03030303030303,74.04848484848485,75.6,71.13939393939394,67.38181818181818
459.0165289256198,73.08264462809917,82.86776859504133,78.13223140495867,76.40495867768595,77.1900826446281,71.33884297520662
435.1578947368421,72.29239766081871,82.9766081871345,72.26900584795321,70.9298245614035,68.42690058479532,68.26315789473684
442.5529411764706,69.88235294117646,77.18823529411765,77.02352941176471,75.25882352941177,75.2,68.0
459.2323232323232,71.46464646464646,87.31313131313131,79.20202020202021,77.84848484848484,75.55555555555556,67.84848484848484
438.32954545454544,70.4659090909091,80.0,75.125,71.77272727272727,72.45454545454545,68.51136363636364
